cliente_id,nombre,fecha_registro,email
1,Domitila Mulet-Guzman,2023-04-01,octavia47@example.com
2,Nacho Pintor Gascón,2023-07-30,paztoni@example.net
3,Lucio Gaya Sebastián,2024-10-12,folivera@example.org
4,Feliciano Pont Viñas,2023-10-27,reynavalle@example.net
5,Aníbal Chus Escalona Santos,2024-09-01,jlozano@example.net
6,Marianela Cardona Amorós,2023-09-17,juanitaleiva@example.net
7,Benigna Falcó Andrade,2024-04-09,bernarditafarre@example.org
8,Belen Ariza-Guzman,2023-03-25,godofredoteruel@example.com
9,Elodia Alarcón Calvet,2024-07-24,amarilis70@example.com
10,Quirino Cabeza Guerrero,2025-02-15,lcardenas@example.net
11,José Ángel Garzón Corral,2024-04-07,castellocruz@example.com
12,Julio Ochoa,2025-01-06,rodaciro@example.net
13,Zacarías Morán-Piñeiro,2024-10-13,barredapaula@example.com
14,Gastón Farré Ariño,2023-04-27,paola39@example.org
15,Octavia Luz Peláez,2024-06-29,soleralola@example.com
16,Flor Alemán Cerezo,2024-10-23,haguirre@example.com
17,Diana Blanch,2024-12-25,wvicens@example.org
18,Conrado del Pozuelo,2024-06-05,figuerolabruno@example.org
19,Ainara Puerta Salamanca,2023-07-24,ale96@example.com
20,María Jesús Padilla Belda,2024-04-28,casaresmelania@example.com
21,Dimas Lopez,2023-05-04,brunilda70@example.com
22,Ascensión Dalmau Prieto,2024-05-17,kvinas@example.com
23,Humberto Torrens Cañas,2023-09-14,mtejedor@example.com
24,Glauco Prudencio Font Alarcón,2024-06-22,almazananita@example.net
25,Chema Marín Huerta,2025-03-01,bautistaguadalupe@example.com
26,Florencia Roldan Carro,2024-07-05,jordajavi@example.com
27,Maristela Cloe Flores Clavero,2023-07-22,oagudo@example.com
28,Lorenzo Montero Sarabia,2024-07-05,shernandez@example.net
29,Etelvina Asunción Colomer Borja,2023-08-29,rgomila@example.com
30,Ciriaco Viana Lopez,2024-05-09,anabel60@example.org
31,Florencio Gibert-Riquelme,2023-11-09,pcorominas@example.org
32,Domingo Peláez Alcántara,2025-03-09,dominga03@example.org
33,Régulo Lorenzo Perera Castells,2024-06-01,eva-marialobo@example.com
34,Maximino Flor,2025-01-29,jovitaamoros@example.org
35,Lina Vizcaíno-Buendía,2024-04-13,feliujulie@example.net
36,Martin Gargallo Manjón,2024-05-06,domingo55@example.com
37,Fausto Belda Acuña,2024-01-10,diegojacobo@example.org
38,Pascual Quiroga Cazorla,2024-11-13,virgiliogibert@example.net
39,Merche Trillo Águila,2025-03-08,galloharoldo@example.com
40,Eutropio Virgilio Luís Meléndez,2024-10-29,baronblanca@example.com
41,Ale Sanmartín,2023-05-17,adelardo44@example.net
42,Chus Gómez,2023-03-13,mendezazucena@example.net
43,Clemente Marí,2025-02-13,amandopont@example.org
44,Pepe Eutropio Almeida Barral,2025-03-07,miriam43@example.org
45,Fanny Montero Hernández,2024-12-28,eva50@example.net
46,Áurea del Gonzalo,2023-08-12,beltranisidoro@example.com
47,Jacobo del Olmo,2023-08-16,lalsina@example.net
48,Leoncio Roura Caballero,2025-02-04,benaventroberto@example.org
49,Ildefonso Belda,2024-08-23,ferrerogonzalo@example.org
50,Lourdes Almazán Aguado,2023-12-17,flor92@example.net
51,Jovita Rivera,2024-01-08,linagarriga@example.org
52,Octavia del Llorente,2023-11-24,asuncion99@example.org
53,Américo Zacarías Ribas Vila,2025-02-01,linacaparros@example.com
54,César René Aguiló Agustí,2025-02-21,esmeralda98@example.org
55,Lalo Edu Tejedor Lucena,2024-08-07,rbosch@example.org
56,Concha Alcalde Sánchez,2023-10-20,alejandrasevilla@example.net
57,Toño Castell Blazquez,2024-04-05,gabino93@example.com
58,Modesta Ramis Agudo,2023-09-14,geronimoespada@example.com
59,Isabel Catalina Crespi Huerta,2024-09-25,luz05@example.org
60,Maribel Cuevas López,2023-12-28,alemanymario@example.com
61,Eutimio Tena Arjona,2024-07-24,vicentatejero@example.org
62,Leire de Muñoz,2024-09-22,toribiolillo@example.org
63,Tito Borrás Zabala,2024-08-15,gonzalo62@example.com
64,Vinicio Vélez Río,2024-03-30,teobaldomorera@example.org
65,Marisa Robles Alcaraz,2024-11-23,mateamerica@example.org
66,Natividad Valls Saldaña,2023-06-02,afrias@example.org
67,Zacarías de Lastra,2024-03-30,imeldagibert@example.org
68,Loida Gordillo Bertrán,2024-03-24,herrerociriaco@example.org
69,Manuela Parejo Redondo,2023-04-02,jesusa72@example.net
70,Armida Ramona Durán Jara,2023-07-02,isaacblanca@example.org
71,Rosalva Vicente,2023-04-06,colomagapito@example.com
72,Olalla Ramírez Ferrando,2024-04-11,basvilma@example.org
73,Ester Milla Piñol,2024-01-01,pilipaez@example.org
74,Dora Izaguirre Camacho,2023-12-09,uribemarcial@example.org
75,Josefina Dulce Solsona Luís,2023-12-11,florasantana@example.net
76,Pelayo Goyo Soriano Carbajo,2023-10-09,sastrejonatan@example.net
77,Susana Raya Mateo,2023-12-28,calvetcalisto@example.net
78,Aníbal Peñalver Lasa,2024-06-13,barrancopaco@example.com
79,Isaura Cobos-Lloret,2024-03-19,celia31@example.com
80,Domingo Jaime Millán Cózar,2024-07-26,millanflorencio@example.com
81,Concepción Lozano Lastra,2023-07-28,ysantana@example.org
82,Xavier Goñi Salmerón,2023-05-12,llanosalonso@example.org
83,Adora Tudela Manzanares,2023-08-19,eustaquioguerra@example.org
84,Goyo Vilaplana Reig,2024-04-12,macariopujadas@example.com
85,Jacinta Calderon-Oliver,2024-10-02,angelflavio@example.org
86,Adela Mínguez Mayo,2024-05-22,agata94@example.net
87,Marisela Carina Espejo Velasco,2025-03-05,lola83@example.org
88,Plácido Ortuño Infante,2024-03-23,anayasandra@example.com
89,Áurea Castrillo Chaparro,2024-08-15,vargasaitor@example.com
90,Onofre Guerrero,2024-06-19,yescribano@example.org
91,Sergio de Caparrós,2023-05-26,ymorata@example.net
92,Odalis Carro Hurtado,2023-07-19,lpinto@example.com
93,Jesús Raya Nevado,2024-10-11,xmorales@example.net
94,Evelia Balaguer,2025-02-07,zmanzano@example.org
95,Nuria Echevarría Lozano,2024-08-22,uquiros@example.net
96,Espiridión Hoyos Olmo,2025-02-22,dalila29@example.org
97,Yolanda Farré,2023-09-16,adolfocamino@example.org
98,César Paz Company,2024-06-12,kcabanillas@example.net
99,Edgardo Iglesias Cobos,2024-10-31,obaeza@example.net
100,Rafael Trinidad Manso Cal,2023-08-24,arcosmariana@example.org
101,Armida Caparrós,2023-05-04,balduinorodenas@example.net
102,Jose Miguel Gordillo Caparrós,2023-11-05,maximianoespana@example.com
103,Lourdes Casares,2023-07-20,leivamaria-fernanda@example.com
104,María Luisa Ferrero Cortes,2023-08-15,severiano78@example.net
105,Sosimo Romeu Feliu,2023-04-24,ximenacaceres@example.org
106,Joan Tiburcio Llabrés Gutiérrez,2023-05-14,anselmaleal@example.org
107,Julia de Zapata,2024-12-15,andreuconcha@example.com
108,Hilda Arana Vizcaíno,2025-01-12,gisbertinmaculada@example.com
109,Marcial Lopez Villanueva,2024-06-14,palcazar@example.org
110,Olimpia Doménech Pineda,2024-02-16,aurelianovall@example.org
111,Rodrigo Novoa Bru,2024-05-07,kcanet@example.com
112,Jeremías Llorente Ballesteros,2024-06-12,miguel-angel89@example.org
113,Isidoro Azorin Agustí,2023-12-27,destevez@example.net
114,Valero Alegria Jurado,2024-04-25,vallsmaricela@example.com
115,Clementina Palacios Vila,2024-06-25,cruz91@example.net
116,Josefina Sans Camacho,2024-09-25,osainz@example.org
117,Morena Bernal Benitez,2023-10-08,bernarditaborrego@example.com
118,Nélida Clavero Villalobos,2024-06-15,antonia86@example.net
119,Curro Oliver Duran,2024-09-06,aurelia43@example.net
120,Agustín Teruel Ávila,2024-10-14,sanchoarroyo@example.org
121,Chus de Escribano,2024-05-01,valero61@example.org
122,Yolanda del Asenjo,2024-07-10,zalvaro@example.org
123,Marcial Cortina Pedrero,2023-07-04,eleuterio22@example.net
124,Teófilo Ferrero Coloma,2023-10-11,cortesche@example.org
125,Ale del Alvarez,2024-10-06,manualsina@example.org
126,Carmela del Pujol,2025-03-03,oroca@example.org
127,Vanesa Hidalgo Aguado,2024-07-15,marta99@example.org
128,Artemio Pera,2023-03-24,americablazquez@example.net
129,Silvestre Romeu,2023-07-03,kcerdan@example.com
130,Óscar Lorenzo Prat Herranz,2023-12-12,luzbusquets@example.com
131,Atilio Jose Francisco Seguí,2024-11-20,juanarevilla@example.com
132,Silvia Jara Herrera,2024-07-25,frutospaca@example.org
133,Imelda Vicente Roca,2025-02-16,noguesfeliciana@example.org
134,Geraldo Bou Marti,2024-03-05,fabian72@example.com
135,Paulino Girona Ángel,2023-11-11,leoncio06@example.com
136,Modesto del Murcia,2023-04-03,mendozapaloma@example.net
137,Jose Manuel Girona-Acedo,2023-04-26,isidoraolmo@example.org
138,Carlota Mayo Cuenca,2024-02-16,yalcala@example.org
139,Juan José Rómulo Velasco Mariño,2023-03-31,calximena@example.com
140,Griselda Clemente Raya,2023-10-24,avergara@example.org
141,Loida Mulet,2024-07-08,gironluz@example.net
142,Rómulo Niño Alemany,2024-04-10,andressureda@example.org
143,Albino de Crespi,2023-04-10,oroca@example.net
144,Benigna Bertrán Alemany,2024-06-05,molesazahar@example.org
145,Gervasio Zaragoza,2023-08-09,jose-ramon40@example.com
146,Teodora Castro-Tomé,2023-05-26,baudelio12@example.net
147,Nacio Quintero Novoa,2025-01-06,cristianrovira@example.com
148,Manolo Hervia Llobet,2023-04-25,evita52@example.net
149,Berto Roura-Albero,2023-07-05,cantoneli@example.com
150,Jennifer de Sanjuan,2024-05-12,taniamuro@example.org
151,Florentina Jurado Arévalo,2023-11-25,marisela06@example.net
152,Macarena Alcázar Baeza,2024-01-13,hortensiallanos@example.com
153,Lupe Ortuño Tormo,2024-04-10,pcerezo@example.com
154,Andrea Vergara Chaves,2024-04-09,pinaedmundo@example.com
155,Javier Jaén Avilés,2023-04-20,angelitamorata@example.org
156,Felix Roma-Nebot,2025-01-08,calixtabejarano@example.com
157,Macaria Cuadrado Fabra,2024-04-06,bernadruperto@example.org
158,Luna Judith Guillen Barba,2024-10-27,maritasolis@example.org
159,Rosenda Quintero Aroca,2025-03-02,tapiaagapito@example.com
160,Jose Ignacio Rosa Llobet,2023-10-22,mferrandez@example.net
161,Dominga Cañas Escudero,2023-06-05,teresita56@example.com
162,Eligio Marqués Caparrós,2023-05-14,fortunatogiron@example.org
163,Cándido Busquets-Saez,2025-02-07,leyrerincon@example.net
164,Gonzalo Jiménez Aragonés,2024-02-25,alberdimiguel-angel@example.net
165,Alonso Ramirez Coca,2023-09-23,angelesmontes@example.net
166,Jacinto Barriga,2024-01-02,arturogabaldon@example.org
167,Azeneth Garzón-Abad,2023-05-30,montserrat70@example.net
168,Cándida Susanita Osuna Gallardo,2024-03-07,lucianabravo@example.net
169,Ángeles Arana Adán,2023-06-29,ualberdi@example.org
170,Lalo Corominas Cabezas,2024-03-01,manuela25@example.com
171,Teo Landa Vilanova,2024-05-21,azucenaocana@example.com
172,Leandro Gómez Dalmau,2024-09-17,amando66@example.net
173,Rafa Salas Peral,2024-03-24,eutropiogibert@example.net
174,Tamara Paz Pereira,2023-05-29,juan-antoniosoto@example.org
175,Anunciación Beatriz Blanco Manso,2023-07-01,dariomarti@example.net
176,Natividad Clavero Torrecilla,2025-01-16,eulalia55@example.com
177,Sigfrido Beltran Naranjo,2024-08-06,guadalupe06@example.net
178,Brígida Renata Anaya Uriarte,2024-03-09,manucases@example.org
179,Edmundo Varela Silva,2025-01-30,riberamarta@example.net
180,Jovita Lumbreras Mariscal,2024-08-07,hernanhuguet@example.net
181,Amando Duarte Tejero,2023-04-05,ochoamaristela@example.net
182,Yéssica Garrido,2023-06-15,castanedapanfilo@example.org
183,Sol Múñiz Pereira,2025-03-05,lladoloreto@example.org
184,Ximena Alemany Salom,2023-07-28,isabelamendoza@example.net
185,Aura Figuerola-Prats,2024-02-05,teclaarnal@example.com
186,Priscila Palomino Bonet,2023-10-11,manu22@example.org
187,Máximo Fabregat Valenciano,2024-05-24,pozueloporfirio@example.org
188,Angelino Capdevila Moya,2024-09-03,guiomarnieto@example.com
189,Azeneth Laguna,2023-05-09,qandreu@example.com
190,Chelo Fajardo Moles,2024-02-08,atur@example.net
191,Octavia Figueras Tomas,2024-12-09,manu53@example.org
192,Felisa Giner Duque,2023-07-14,wvillalobos@example.net
193,Bienvenida Grau Ferrando,2024-07-25,marianaanguita@example.net
194,Gregorio de Elías,2024-04-29,malenaabellan@example.net
195,Petrona Pol,2024-06-10,candelariapuga@example.org
196,Concha Reina Izquierdo,2023-08-20,bayosegismundo@example.net
197,Carla Simó Viana,2024-01-09,dramis@example.com
198,Blas Landa,2023-06-07,ecampillo@example.org
199,Leandra de Asensio,2023-10-25,ocarbo@example.org
200,Agapito Bastida Sacristán,2025-01-14,faramburu@example.com
201,Saturnino Nicolau Grau,2024-02-09,bvalle@example.com
202,Manuel Codina Luz,2024-05-04,palaciosmaria-angeles@example.com
203,Enrique Vizcaíno Múgica,2023-05-17,nboix@example.net
204,Silvestre Torrijos Valero,2023-11-04,patricio34@example.com
205,Valero Amo-Arana,2024-12-22,ivanginer@example.com
206,Gloria Acedo Villaverde,2024-11-19,qiniesta@example.org
207,Serafina Torres Folch,2024-06-08,wharo@example.org
208,Samu del Patiño,2024-12-28,abaddalila@example.org
209,Ruperto Falcón Cañellas,2024-01-18,faustinovicens@example.net
210,Susana Martina Segovia Solana,2024-07-15,falconchelo@example.net
211,Emiliana Zoraida Corominas Arroyo,2024-01-26,julie12@example.net
212,Heliodoro Domingo Gordillo Peralta,2023-03-20,ruedadomingo@example.net
213,Camila Rodrigo Torrens,2024-01-06,rebollonatalio@example.net
214,Marisela de Perales,2023-05-19,amado10@example.net
215,Lisandro Carranza Cerro,2025-01-17,dominguezcatalina@example.net
216,Olimpia Ribas,2023-12-25,benito05@example.com
217,Ema Romero,2023-07-16,leandro79@example.org
218,Zoraida Caro Alcalde,2023-08-22,geronimodieguez@example.com
219,Nilo Catalán Chaves,2023-09-29,manu70@example.com
220,Perlita Robles,2023-06-25,constanza37@example.com
221,Victorino Solana,2023-07-22,acunamaria-carmen@example.net
222,Andrés Felipe Barberá Almagro,2024-05-28,sabinallorente@example.com
223,Asunción Carreras Vera,2024-07-08,olmedonuria@example.com
224,Nilda Nieto Bárcena,2023-10-02,melania50@example.net
225,Marcio del Quevedo,2024-07-15,jaimeramon@example.net
226,Clímaco de Zurita,2023-11-28,quique97@example.net
227,Olga Coca Pazos,2024-02-04,oriana28@example.com
228,Pancho Viñas Morales,2023-10-01,wcanizares@example.net
229,Roque Sabas Lozano Teruel,2025-01-11,manzanogerardo@example.net
230,Lupe Zaragoza-Cánovas,2024-06-12,bermejojulio-cesar@example.org
231,Sonia del Canals,2023-06-11,anayahipolito@example.com
232,Luisina Rocamora Tamayo,2023-03-22,serafinaabad@example.net
233,Guiomar Pereira Rozas,2023-06-30,ibernal@example.com
234,Eufemia Tatiana Solera Gómez,2025-01-09,francisco-javier83@example.net
235,Belen del Almazán,2023-06-17,rojasfermin@example.org
236,Odalys Solé Alcalá,2024-07-22,maxicueto@example.org
237,Constanza Almagro España,2023-07-13,leonel35@example.org
238,Luna Río Valderrama,2025-02-05,amadabayon@example.net
239,Flora Maite Sacristán Calatayud,2023-05-31,reyescoll@example.org
240,Estefanía Herrero Ortega,2023-03-22,leire40@example.org
241,Débora Abad Tur,2025-01-14,ciriaco81@example.com
242,Ángeles Monreal Álvarez,2024-09-15,amayajuarez@example.org
243,Primitivo Carreño Expósito,2024-08-22,umillan@example.net
244,Carina Palacios-Miranda,2024-07-16,edelmirapedraza@example.org
245,Chita Garay Moreno,2023-03-23,tlanda@example.org
246,Ricardo Mateo Tejada,2023-12-06,elba50@example.org
247,Luís Cabezas Larrea,2023-07-03,rosalva10@example.net
248,Benita Rey Cruz,2023-04-18,blancomaria@example.com
249,Sonia Martin Conde,2024-08-08,nicolauantonia@example.com
250,María Fernanda Gordillo Morata,2024-07-23,xmesa@example.org
251,Carmelita Valenciano Cabezas,2023-09-25,vjimenez@example.net
252,Eliana Ramírez Puga,2025-01-14,anunciacionayala@example.org
253,Cecilia Bernardita Calvo Marín,2023-11-29,colladelina@example.org
254,Roxana Gomis Bermudez,2025-01-08,scisneros@example.org
255,María Jesús Aguirre Lasa,2024-12-28,selenalosa@example.org
256,Roque Juárez Canet,2024-10-07,elinares@example.org
257,Ester Marqués Cornejo,2023-10-13,moyajordan@example.org
258,Inmaculada Ibañez Camps,2024-03-08,xgisbert@example.com
259,Mamen Andrés,2024-08-30,flavio59@example.com
260,Álvaro Camino,2024-08-13,gcozar@example.net
261,Cándida Ayala Vega,2024-07-03,mendezsalud@example.net
262,Milagros Mata,2023-05-21,olucas@example.net
263,Eligio Rodríguez Valverde,2024-05-11,nerea85@example.net
264,Begoña Carnero Torrents,2024-07-16,casandrarovira@example.org
265,Merche Ballesteros Mulet,2024-01-03,adelaidapomares@example.net
266,Chus del Mascaró,2023-04-22,zrodrigo@example.com
267,Marino Prats Criado,2025-03-07,encarnitaarmas@example.org
268,Mohamed Merino-Alberdi,2023-09-14,cruz08@example.com
269,Máxima Palacio Luque,2024-05-02,adadiabarbara@example.org
270,Asunción del Velasco,2024-02-29,loidacompany@example.com
271,Eloísa Miralles Santos,2023-03-11,jacinto71@example.org
272,Lina Nilda Piquer Costa,2023-12-01,ariel06@example.net
273,Saturnino Vazquez-Atienza,2024-02-07,oalberdi@example.net
274,Demetrio Ramirez-Torrents,2024-04-03,jaenfederico@example.net
275,Heraclio Hernández-Grande,2023-12-20,fortunato53@example.org
276,Emperatriz Sales Alcázar,2024-02-28,barriosfaustino@example.net
277,Amancio Marti Daza,2025-02-27,villalonganarciso@example.org
278,Francisco Jose Venceslás Cantón Vargas,2023-10-13,fuenteclementina@example.net
279,Ruth Díez Codina,2025-02-27,pepita69@example.com
280,Concepción Arana Coll,2023-11-13,brunilda34@example.org
281,Ciríaco Salgado Sandoval,2023-09-03,bermudezobdulia@example.org
282,Alejandro Montalbán Salmerón,2023-06-24,kalcolea@example.net
283,Adelina Saavedra Ramos,2024-01-26,wvega@example.com
284,Jose Ramón Torrent Ramón,2024-02-29,liliagargallo@example.com
285,Marciano Navas,2024-10-06,perla01@example.com
286,Erasmo Vidal Torrent,2023-09-10,lidiaferrandiz@example.com
287,Encarna Tovar Páez,2025-02-05,vllamas@example.org
288,Lupita Fernández Borrell,2023-05-05,kpascual@example.com
289,María Teresa Ainara Pont Manzano,2024-09-09,ciriacoadan@example.com
290,Jose Carlos Arregui,2023-10-27,alsinamireia@example.com
291,Ovidio Nogueira,2024-10-19,anacleto51@example.net
292,Cleto Berrocal Diaz,2024-05-04,yhoz@example.net
293,Victoria Marco Uribe,2023-09-15,rgual@example.org
294,Jenaro Tirado Sáez,2023-03-30,marciacorbacho@example.net
295,Carmelita del Cabo,2023-06-19,agatatrillo@example.org
296,Natanael Teruel Ramis,2024-08-11,losadapili@example.org
297,Ulises Marqués Tejada,2024-10-18,segarrabalduino@example.com
298,Gertrudis Cerdá Berrocal,2024-01-10,anselmabeltran@example.com
299,Amancio Alcántara Durán,2024-08-22,cepedafanny@example.com
300,Mercedes Portillo-Segovia,2024-02-04,salamaura@example.net
301,Máximo Calixto Catalán Arnal,2025-01-26,morantemarcio@example.org
302,Lorenza Garmendia-Azorin,2024-10-06,abilio81@example.net
303,Tomasa Martín-Nevado,2024-01-28,isidoro74@example.org
304,Luciana Benavente Gómez,2023-12-31,ymontalban@example.org
305,Elvira Casanova Torralba,2023-05-03,nereaalberto@example.net
306,Anastasio Asdrubal Corominas Carbó,2023-07-03,asolsona@example.org
307,Bartolomé Franch,2024-04-09,jaenmohamed@example.net
308,Fabiola de Vigil,2025-03-02,ruy26@example.net
309,Silvia Martin Barranco,2023-08-21,maria-joseayllon@example.org
310,Mar Fortuny Llanos,2023-11-04,vargasnydia@example.net
311,Gala de Puerta,2023-11-10,manuelllabres@example.net
312,Dimas Ramírez Arnaiz,2024-08-03,coboursula@example.org
313,Lalo del Bello,2024-02-29,hrocamora@example.com
314,Águeda Julián Real,2024-09-28,rufina49@example.com
315,Chema del Carro,2023-11-03,joanarana@example.net
316,Estrella Gallego Trillo,2024-10-19,gematenorio@example.net
317,Clementina Rosalinda Calderón Gibert,2025-02-09,remigiogalindo@example.net
318,Toribio Aller Escrivá,2023-04-10,alonsovazquez@example.com
319,Leandra Higueras Tomé,2023-04-17,amormerche@example.net
320,Ana Hoz Nicolau,2024-08-26,hmontero@example.net
321,Lorena Carreras,2023-12-31,aguilolazaro@example.net
322,Juan Carlos Duarte Pacheco,2024-01-31,guardiapia@example.com
323,Prudencia de Pi,2025-03-09,alvarezjuana@example.net
324,Alba Piñol-Rosa,2023-11-20,npina@example.com
325,Carlota de Agullo,2025-02-09,carmelaroyo@example.net
326,Duilio Cortina Francisco,2023-05-09,angelinollado@example.net
327,Gervasio Vidal Saldaña,2024-03-16,danilo21@example.net
328,Odalis Cazorla Fábregas,2024-12-20,roque92@example.net
329,Andrés Felipe Agullo Barreda,2023-04-15,dpalmer@example.org
330,Agustina Mirta Bernat Solsona,2024-06-23,simon03@example.net
331,Angélica Arrieta-Vila,2024-06-27,alcazarclaudio@example.org
332,Rufina Cortes Alcalde,2025-02-12,pliniotaboada@example.org
333,Tristán Ferrero Riquelme,2023-04-01,tomeluz@example.com
334,Eligia Tejero Hoz,2024-07-18,alarconnayara@example.org
335,Evangelina Luján Ugarte,2024-12-12,javieracornejo@example.com
336,Leandra Sara Galindo Morcillo,2024-01-08,ildefonso96@example.net
337,Xavier Sotelo Rosa,2023-03-11,ana-belenortiz@example.org
338,Alma Corominas Blasco,2024-11-15,piquerciro@example.com
339,Fidel Barrio Llamas,2024-06-19,agudopacifica@example.com
340,Ileana Leocadia Rivas Frutos,2024-10-02,wvallejo@example.com
341,Marcelino Bolaños,2024-05-11,susanamorillo@example.org
342,Georgina Redondo Calzada,2025-03-03,clotilde72@example.com
343,Amor Silva Cabrero,2023-06-09,colladoguadalupe@example.org
344,Isidoro de Lladó,2023-05-26,cerdasegismundo@example.org
345,Berta Amo Burgos,2024-11-09,pepitarodrigo@example.org
346,Marcelino Granados Lloret,2025-01-28,piabenavente@example.com
347,Lina Royo Nebot,2024-12-22,ramiro32@example.com
348,Marc Arellano Saura,2024-03-03,peiroruperta@example.net
349,Armando Arnaiz Bárcena,2023-10-20,gomezsocorro@example.net
350,Fabián Viña Llorens,2024-12-11,chuchocollado@example.com
351,Olivia Alegre,2024-08-26,blancabadia@example.com
352,Severiano Peiró Beltran,2024-10-30,martinbartolome@example.com
353,Demetrio Salazar-Mesa,2024-07-04,walter07@example.com
354,Reyes Orozco Soriano,2024-03-26,crincon@example.com
355,Aristides Martí Abad,2023-07-31,znavarro@example.net
356,José Mari Pomares Tormo,2024-12-23,miguel-angelgrande@example.com
357,Patricia de Raya,2024-12-21,maximapinedo@example.net
358,Ester Casanova Cuenca,2023-08-20,jesusa16@example.net
359,Duilio Escribano Peña,2023-07-06,saraujo@example.net
360,Juanita Sáenz Ferrera,2024-04-01,valleusebia@example.com
361,Nidia Torres-Mayol,2024-05-07,jaime66@example.net
362,Jose Luis Murcia Estévez,2025-02-08,vicensvalerio@example.org
363,Gil de Báez,2024-01-13,ktejedor@example.com
364,René Alegre,2023-09-13,basilio84@example.org
365,Trinidad Palomo Naranjo,2023-05-12,ccervantes@example.net
366,Rico Agullo Fernández,2024-07-04,blascomerche@example.net
367,Lorenzo Ortuño Cortina,2024-04-06,marinonatanael@example.org
368,Lina Bolaños Gomez,2024-04-19,jeronimolujan@example.org
369,Elodia Bonilla Villa,2024-04-11,mascarovirgilio@example.org
370,Lucio Fernández Ariza,2024-07-24,gilvila@example.net
371,Rosario Salmerón Bosch,2024-05-20,ballesterosmarina@example.com
372,Arturo Figueroa-Carranza,2023-10-27,castellslucas@example.org
373,Ana Batalla,2023-10-14,ivanalvarez@example.com
374,Claudia Sobrino Barragán,2024-09-02,donosoagustina@example.net
375,Camilo Feijoo Atienza,2025-02-24,evita01@example.net
376,Diego de Capdevila,2024-10-09,mberenguer@example.com
377,Noemí Gilabert Borja,2025-01-24,barrigamanuela@example.com
378,Irene Carrera Manzanares,2023-11-26,tamaritramiro@example.org
379,Leandro Díez Bejarano,2024-12-13,javiera08@example.com
380,Eliseo Arranz Puente,2024-12-05,acedomayte@example.com
381,Francisca Avilés Hernandez,2023-10-13,terronbartolome@example.org
382,Nico Vicens-Domingo,2025-01-24,bernarditabarbero@example.org
383,Socorro Puig-Vallés,2023-07-31,manolo91@example.com
384,Amelia Montoya Bou,2023-05-17,zgonzalo@example.com
385,Wálter Salamanca Ros,2023-07-14,mendizabalvanesa@example.net
386,Ignacio Sierra-Caparrós,2024-01-02,ghuertas@example.net
387,Jose Luis Bruno Manzano Trillo,2025-02-03,abelestevez@example.org
388,Teresita Cortes Menéndez,2025-02-06,cayetanomacias@example.com
389,Julio Nuñez Blanch,2023-12-11,adrian41@example.net
390,Lupe de Huertas,2023-04-11,eroman@example.net
391,Rafa Palomino Alarcón,2024-01-17,esarabia@example.net
392,Fidela Bauzà,2023-04-13,visitacioncarrion@example.net
393,Yésica Saturnina Tenorio Soto,2024-04-30,ylloret@example.com
394,Tecla Pelayo Alvarez,2023-11-06,muroevangelina@example.org
395,Emigdio Pomares Arce,2024-11-29,zbarreda@example.com
396,Joaquina Ripoll Tena,2024-05-22,kquintana@example.com
397,Isidro Jove Perez,2024-04-29,dfuentes@example.org
398,Calista de Belmonte,2024-02-17,gasconroxana@example.com
399,Elisa Cámara Esparza,2023-08-08,lagunaloida@example.com
400,Wilfredo Herrero López,2024-01-07,xosuna@example.net
401,Maura Oliveras,2023-08-22,figueroaaitana@example.org
402,Chucho Cabañas Alcolea,2024-04-25,custodio16@example.com
403,Omar Galán Fernandez,2023-10-23,balmeida@example.com
404,Berta Trujillo-Armengol,2024-09-16,ambrosioferran@example.org
405,Leonor Corral,2024-11-26,amando68@example.org
406,Ana Sofía Tello Seguí,2023-11-16,lporcel@example.net
407,Jose Luis Soto Cazorla,2024-03-01,estebanrossello@example.com
408,Anunciación Flor Saldaña Piñol,2023-09-07,falcala@example.net
409,Prudencio Lobo Miró,2024-09-14,aranzazu87@example.org
410,Brunilda Castrillo Echeverría,2024-06-15,luisvalentin@example.org
411,Marcial Lobo Pareja,2025-02-27,prossello@example.org
412,Aroa Vargas-Hervás,2023-06-23,colomermartin@example.org
413,Samuel Becerra Gutierrez,2024-03-20,ricocosta@example.org
414,Salvador Mas Coello,2023-11-13,oscarsalinas@example.org
415,Ester Valdés Navarro,2023-08-30,monica30@example.com
416,Américo Granados,2024-05-06,ynadal@example.net
417,Kike Pomares Herrera,2024-04-25,jessicamayoral@example.com
418,Norberto Agustí Leal,2025-02-11,amandoespanol@example.org
419,Marisa Benavente,2024-04-26,encarnitariera@example.org
420,Jose Francisco Marcos Caparrós,2023-10-24,tribes@example.com
421,Patricia del Arenas,2024-02-06,barberamanuelita@example.net
422,Jesús Robledo,2025-01-08,emperatriz25@example.net
423,Amarilis Murillo Esteve,2024-07-29,agustigeraldo@example.net
424,Concepción del Iniesta,2024-06-08,spineiro@example.net
425,Ricardo Luis Miguel Mora Gómez,2023-10-25,malomatias@example.org
426,Irene Emma Cañete Moya,2024-07-22,joaquina52@example.org
427,Encarna Zapata,2024-04-23,aaronnoguera@example.com
428,Brunilda Alegre Villena,2023-07-17,lermafernando@example.com
429,Tamara Lledó,2023-09-18,calzadajimena@example.com
430,Fabio Sacristán Palomares,2023-09-05,jmateo@example.net
431,Maximiano Wálter Abad Bernal,2024-10-10,yportero@example.com
432,Micaela Zabala Castelló,2025-02-21,ppomares@example.org
433,Teobaldo Manrique Rodrigo,2023-11-30,jose-mariblanch@example.org
434,Teodosio Sabas Diéguez Mascaró,2023-05-09,cabreramirta@example.com
435,Goyo Pou,2023-04-02,albertmonreal@example.org
436,Lilia Núñez-Ortiz,2024-12-31,griseldamir@example.net
437,Loida Soto-Corral,2023-09-11,adalbertovelez@example.com
438,Rocío Santiago,2024-04-25,peraporfirio@example.com
439,Bernarda Azcona,2025-01-03,hpelaez@example.com
440,Sabina Feijoo Aguilar,2025-02-24,tayuso@example.net
441,Román Pozo,2023-05-10,arceraul@example.org
442,Carmelo Castro-Lorenzo,2024-05-06,bhierro@example.net
443,Amor López-Iñiguez,2024-07-07,julianjoel@example.com
444,Abigaíl Escribano Granados,2024-02-29,vcalvet@example.org
445,Dionisio del Andrade,2023-10-28,lmalo@example.com
446,Milagros Cueto Jover,2023-04-26,wilfredo16@example.com
447,Isabel Segovia Reyes,2025-02-10,icriado@example.org
448,Sofía Feijoo Portero,2024-04-15,elodiamoliner@example.net
449,Emma Pina Peiró,2024-11-18,amatjimena@example.com
450,Clarisa del Barceló,2024-01-18,yagopenas@example.net
451,Luis Miguel Rodrigo Badía,2024-12-26,marisela32@example.net
452,Lola del Páez,2024-06-07,ovidioriquelme@example.com
453,Sebastian Cándido Arellano Sala,2024-09-15,rribera@example.net
454,Adoración Zaida Cabanillas Oliva,2023-12-03,belenalvaro@example.net
455,Violeta Barberá Cabo,2023-06-14,poncio23@example.com
456,Ricarda Posada Rojas,2024-01-26,adriangarrido@example.com
457,Casandra Valencia Aragonés,2024-04-22,bayondemetrio@example.com
458,Zoraida Estrella Checa Roselló,2023-08-21,carmelo74@example.net
459,Angelino Pinto-Pacheco,2023-07-22,eveliaamaya@example.com
460,Andrés Baena Machado,2024-01-31,csabater@example.com
461,Anastasia Palau Ruano,2024-07-11,benitabarba@example.net
462,Sandra Daza,2024-05-20,joanbayo@example.net
463,Chucho Pardo Prada,2025-03-09,maria-manuela85@example.com
464,Morena Pizarro Vázquez,2024-08-04,samo@example.org
465,Jose Carlos Ibarra-Lobo,2024-12-05,ovidio80@example.net
466,Chus Viñas Elías,2024-05-30,vito91@example.net
467,Erasmo de Mariscal,2023-06-11,raimundovalentin@example.org
468,Nilo Cárdenas Valero,2024-04-27,prebollo@example.org
469,Isidora Ropero,2024-01-09,matias17@example.com
470,Leopoldo Diego Paz,2024-01-11,pacarovira@example.org
471,Luz Aguirre,2023-10-06,jose-miguel40@example.net
472,Inocencio Villar Beltran,2024-07-01,mbenitez@example.com
473,Martirio Correa Galindo,2024-11-03,enrique81@example.com
474,Brunilda de Flor,2024-01-14,valeria69@example.org
475,Cloe de Lillo,2024-02-22,gjauregui@example.net
476,Filomena Goñi Palmer,2024-08-10,cristina49@example.com
477,Artemio Sans Barba,2023-04-12,martiriosedano@example.com
478,Reynaldo Riquelme Perea,2023-07-20,maripaca@example.net
479,Victorino Morata Barriga,2023-03-11,bcepeda@example.org
480,Cayetano del Nicolau,2025-02-09,sorianotelmo@example.com
481,Alejandra Torre Perera,2025-03-06,pastora38@example.com
482,Alex de Huertas,2024-11-04,clotildecanellas@example.com
483,Epifanio Maldonado Gil,2025-03-07,adoracion89@example.com
484,Anastasio Bolaños Peral,2023-12-28,begona43@example.com
485,Gabriel Arnaiz-Ayllón,2023-04-03,ymorcillo@example.com
486,Galo Caro Echeverría,2023-11-09,salvadormayoral@example.com
487,Sandra Mayo,2023-08-11,saritaferrero@example.org
488,Victoriano Macias Riera,2023-06-20,alerequena@example.org
489,Gema de Puente,2024-01-11,cserna@example.org
490,Juana Salamanca,2024-04-07,matilde89@example.net
491,Belen Marquez Puerta,2024-09-23,domingolarranaga@example.net
492,Felicidad de Tapia,2023-09-06,nayara00@example.net
493,María Belén Tirado Gallego,2024-04-21,poncio70@example.net
494,Montserrat Baños Gámez,2024-03-25,anunciacionlamas@example.org
495,Florentina de González,2023-05-27,quevedoandres@example.net
496,Dafne Martin Ureña,2024-05-10,jeronimo21@example.net
497,Estefanía Ávila Colom,2024-12-20,botellajaviera@example.org
498,Cristian Darío Riba Fuente,2023-12-10,hector24@example.org
499,Hernán Iniesta Hernandez,2024-01-10,gvalverde@example.org
500,Virginia Ochoa Rivera,2023-11-08,santosrebeca@example.com
